¡ˆ¡°,¡ˆ¡°∏Ì,¿œΩ√,1Ω√∞£∆Ú±’ πÃºº∏’¡ˆ≥Ûµµ(ß∂/ß©)
135,√ﬂ«≥∑…,2019-04-05 01:00,13
135,√ﬂ«≥∑…,2019-04-05 02:00,17
135,√ﬂ«≥∑…,2019-04-05 03:00,15
135,√ﬂ«≥∑…,2019-04-05 04:00,16
135,√ﬂ«≥∑…,2019-04-05 05:00,8
135,√ﬂ«≥∑…,2019-04-05 06:00,10
135,√ﬂ«≥∑…,2019-04-05 07:00,12
135,√ﬂ«≥∑…,2019-04-05 08:00,28
135,√ﬂ«≥∑…,2019-04-05 09:00,43
135,√ﬂ«≥∑…,2019-04-05 10:00,50
135,√ﬂ«≥∑…,2019-04-05 11:00,57
135,√ﬂ«≥∑…,2019-04-05 12:00,62
135,√ﬂ«≥∑…,2019-04-05 13:00,66
135,√ﬂ«≥∑…,2019-04-05 14:00,78
135,√ﬂ«≥∑…,2019-04-05 15:00,98
135,√ﬂ«≥∑…,2019-04-05 16:00,104
135,√ﬂ«≥∑…,2019-04-05 17:00,89
135,√ﬂ«≥∑…,2019-04-05 18:00,70
135,√ﬂ«≥∑…,2019-04-05 19:00,69
135,√ﬂ«≥∑…,2019-04-05 20:00,68
135,√ﬂ«≥∑…,2019-04-05 21:00,79
135,√ﬂ«≥∑…,2019-04-05 22:00,84
135,√ﬂ«≥∑…,2019-04-05 23:00,90
135,√ﬂ«≥∑…,2019-04-06 00:00,82
